{
  "meta": {
    "model_path": "C:/Users/Lukas/Documents/0-UNI/Seminar/Llama2",
    "device": "cuda",
    "dtype": "float16",
    "num_layers": 1,
    "max_len": 256,
    "batch_size": 1,
    "runs": 3,
    "warmup": 2,
    "max_new_tokens": 16,
    "cache_cfft": 1,
    "cache_for_correctness": 0,
    "no_generate": false
  },
  "rows": [
    {
      "B": 64,
      "calib_loaded": 1,
      "missing_keys": 0,
      "unexpected_keys": 0,
      "last_mse": 18.82566523551941,
      "last_kl": 2.377053666114807,
      "last_cos": 0.7876118957996369,
      "last_top1_acc": 0.0,
      "last_top1_in_student_topk": 1.0,
      "last_topk_overlap": 0.21999999999999997,
      "prefill_avg_ms": 507.95911666646134,
      "prefill_tokens_per_s": 51.578954172415365,
      "peak_mem_bytes": 13243863552.0,
      "decode_new_tokens_per_s": 1.8980119386246481
    },
    {
      "B": 128,
      "calib_loaded": 1,
      "missing_keys": 0,
      "unexpected_keys": 0,
      "last_mse": 3.028315418958664,
      "last_kl": 0.11305329166352748,
      "last_cos": 0.9314392507076263,
      "last_top1_acc": 1.0,
      "last_top1_in_student_topk": 1.0,
      "last_topk_overlap": 0.7,
      "prefill_avg_ms": 509.9629266662912,
      "prefill_tokens_per_s": 51.37628370609914,
      "peak_mem_bytes": 13239636480.0,
      "decode_new_tokens_per_s": 1.8270422464122147
    },
    {
      "B": 256,
      "calib_loaded": 1,
      "missing_keys": 0,
      "unexpected_keys": 0,
      "last_mse": 10.922977882623673,
      "last_kl": 3.7606425227597358,
      "last_cos": 0.8117437601089478,
      "last_top1_acc": 0.3,
      "last_top1_in_student_topk": 0.3,
      "last_topk_overlap": 0.27999999999999997,
      "prefill_avg_ms": 511.08443333262886,
      "prefill_tokens_per_s": 51.2635452994677,
      "peak_mem_bytes": 13237522944.0,
      "decode_new_tokens_per_s": 1.9375298008733748
    }
  ]
}